source_system,shipment_id,booking_reference,external_identifiers,lifecycle,required_documents,cutoff_at,owner,source_updated_at,source_freshness
SYNTHETIC_HACKATHON_FIXTURE,SHP-5RSG-00133,MSDUL0942518196,"{""order_number"":""5RSG-00133"",""bl_number"":""MEDUUD104332""}",BL_CHECK_REQUIRED,"[""SI"",""DRAFT_BL""]",2026-09-20T00:00:00Z,docs-desk,2026-09-19T00:00:00Z,CURRENT
SYNTHETIC_HACKATHON_FIXTURE,SHP-5AAT-03056,SIN832764835,"{""order_number"":""5AAT-03056"",""bl_number"":""SIN525534192""}",DRAFT_BL_EXPECTED,"[""SI"",""DRAFT_BL""]",2026-09-20T00:00:00Z,docs-desk,2026-09-19T00:00:00Z,CURRENT
SYNTHETIC_HACKATHON_FIXTURE,SHP-5ALT-01226,ONEYSINF32871,"{""order_number"":""5ALT-01226""}",BL_CHECK_REQUIRED,"[""SI"",""DRAFT_BL""]",2026-09-20T00:00:00Z,docs-desk,2026-09-19T00:00:00Z,CURRENT
SYNTHETIC_HACKATHON_FIXTURE,SHP-PSGSE8148932,PSGSE8148932,{},BL_CHECK_REQUIRED,"[""SI"",""DRAFT_BL""]",2026-09-20T00:00:00Z,docs-desk,2026-09-19T00:00:00Z,CURRENT
SYNTHETIC_HACKATHON_FIXTURE,SHP-PSGSE9638346,PSGSE9638346,{},DRAFT_BL_EXPECTED,"[""SI"",""DRAFT_BL""]",2026-09-20T00:00:00Z,docs-desk,2026-09-19T00:00:00Z,CURRENT
SYNTHETIC_HACKATHON_FIXTURE,SHP-I978820812-1,I978820812,{},BL_CHECK_REQUIRED,"[""SI"",""DRAFT_BL""]",2026-09-20T00:00:00Z,docs-desk,2026-09-19T00:00:00Z,CURRENT
SYNTHETIC_HACKATHON_FIXTURE,SHP-I978820812-2,I978820812,{},BL_CHECK_REQUIRED,"[""SI"",""DRAFT_BL""]",2026-09-20T00:00:00Z,docs-desk-2,2026-09-19T00:00:00Z,CURRENT
SYNTHETIC_HACKATHON_FIXTURE,SHP-5RFR-36541,SIJ3754330,"{""order_number"":""5RFR-36541"",""bl_number"":""SIJ4216073""}",BL_CHECK_REQUIRED,"[""SI"",""DRAFT_BL""]",2026-09-20T00:00:00Z,docs-desk,2026-09-10T00:00:00Z,STALE
SYNTHETIC_HACKATHON_FIXTURE,SHP-5RAE-20163,070500236763,"{""order_number"":""5RAE-20163"",""bl_number"":""EGLV332003791769""}",DRAFT_BL_EXPECTED,"[""SI"",""DRAFT_BL""]",2026-09-20T00:00:00Z,docs-desk,2026-09-19T00:00:00Z,CURRENT
SYNTHETIC_HACKATHON_FIXTURE,SHP-5RAE-69096,MCLSINJEA2576036,"{""order_number"":""5RAE-69096"",""bl_number"":""MCLSIN2316658""}",DRAFT_BL_EXPECTED,"[""SI"",""DRAFT_BL""]",2026-09-20T00:00:00Z,docs-desk,2026-09-19T00:00:00Z,CURRENT
SYNTHETIC_HACKATHON_FIXTURE,SHP-5SUS-86999,SIN902294131,"{""order_number"":""5SUS-86999"",""bl_number"":""SIN204711671""}",BL_CHECK_REQUIRED,"[""SI"",""DRAFT_BL""]",2026-09-20T00:00:00Z,docs-desk,2026-09-19T00:00:00Z,CURRENT
SYNTHETIC_HACKATHON_FIXTURE,SHP-5RCY-36057,ONEYSINF53396,"{""order_number"":""5RCY-36057"",""bl_number"":""SINF87558867""}",BL_CHECK_REQUIRED,"[""SI"",""DRAFT_BL""]",2026-09-20T00:00:00Z,docs-desk,2026-09-19T00:00:00Z,CURRENT
SYNTHETIC_HACKATHON_FIXTURE,SHP-5AAT-09134,PSGSE1586578,"{""order_number"":""5AAT-09134"",""bl_number"":""OOLU0262174596""}",BL_CHECK_REQUIRED,"[""SI"",""DRAFT_BL""]",2026-09-20T00:00:00Z,docs-desk,2026-09-19T00:00:00Z,CURRENT
SYNTHETIC_HACKATHON_FIXTURE,SHP-5SUS-64090,I136959440,"{""order_number"":""5SUS-64090"",""bl_number"":""YMJAI946474367""}",BL_CHECK_REQUIRED,"[""SI"",""DRAFT_BL""]",2026-09-20T00:00:00Z,docs-desk,2026-09-19T00:00:00Z,CURRENT
SYNTHETIC_HACKATHON_FIXTURE,SHP-SIN513709859,SIN513709859,{},DRAFT_BL_EXPECTED,"[""SI"",""DRAFT_BL""]",2026-09-20T00:00:00Z,docs-desk,2026-09-19T00:00:00Z,CURRENT
SYNTHETIC_HACKATHON_FIXTURE,SHP-5SUS-42284,MCLSINJEA2535290,"{""order_number"":""5SUS-42284"",""bl_number"":""MCLSIN9318393""}",DRAFT_BL_EXPECTED,"[""SI"",""DRAFT_BL""]",2026-09-20T00:00:00Z,docs-desk,2026-09-19T00:00:00Z,CURRENT
SYNTHETIC_HACKATHON_FIXTURE,SHP-5RMY-65766,I961183673,"{""order_number"":""5RMY-65766"",""bl_number"":""YMJAI985698478""}",BL_CHECK_REQUIRED,"[""SI"",""DRAFT_BL""]",2026-09-20T00:00:00Z,docs-desk,2026-09-19T00:00:00Z,CURRENT
SYNTHETIC_HACKATHON_FIXTURE,SHP-5RAE-97643,SIJ9014767,"{""order_number"":""5RAE-97643"",""bl_number"":""SIJ5991022""}",BL_CHECK_REQUIRED,"[""SI"",""DRAFT_BL""]",2026-09-20T00:00:00Z,docs-desk,2026-09-19T00:00:00Z,CURRENT
SYNTHETIC_HACKATHON_FIXTURE,SHP-5RMY-26838,SIJ4510762,"{""order_number"":""5RMY-26838""}",BL_CHECK_REQUIRED,"[""SI"",""DRAFT_BL""]",2026-09-20T00:00:00Z,docs-desk,2026-09-19T00:00:00Z,CURRENT
SYNTHETIC_HACKATHON_FIXTURE,SHP-5ALT-79955,070500227799,"{""order_number"":""5ALT-79955"",""bl_number"":""EGLV552312432921""}",BL_CHECK_REQUIRED,"[""SI"",""DRAFT_BL""]",2026-09-20T00:00:00Z,docs-desk,2026-09-19T00:00:00Z,CURRENT
SYNTHETIC_HACKATHON_FIXTURE,SHP-5RMY-59782,SIN867980793,"{""order_number"":""5RMY-59782"",""bl_number"":""SIN700541199""}",DRAFT_BL_EXPECTED,"[""SI"",""DRAFT_BL""]",2026-09-20T00:00:00Z,docs-desk,2026-09-19T00:00:00Z,CURRENT
SYNTHETIC_HACKATHON_FIXTURE,SHP-SIN733221418,SIN733221418,{},DRAFT_BL_EXPECTED,"[""SI"",""DRAFT_BL""]",2026-09-20T00:00:00Z,docs-desk,2026-09-19T00:00:00Z,CURRENT
SYNTHETIC_HACKATHON_FIXTURE,SHP-5RVN-23924,SIN597746886,"{""order_number"":""5RVN-23924"",""bl_number"":""SIN947383473""}",DRAFT_BL_EXPECTED,"[""SI"",""DRAFT_BL""]",2026-09-20T00:00:00Z,docs-desk,2026-09-19T00:00:00Z,CURRENT
SYNTHETIC_HACKATHON_FIXTURE,SHP-5RSG-51522,85361530,"{""order_number"":""5RSG-51522"",""bl_number"":""HLCUSIN613750606""}",BL_CHECK_REQUIRED,"[""SI"",""DRAFT_BL""]",2026-09-20T00:00:00Z,docs-desk,2026-09-19T00:00:00Z,CURRENT
SYNTHETIC_HACKATHON_FIXTURE,SHP-5RFR-80893,36971179,"{""order_number"":""5RFR-80893""}",BL_CHECK_REQUIRED,"[""SI"",""DRAFT_BL""]",2026-09-20T00:00:00Z,docs-desk,2026-09-19T00:00:00Z,CURRENT
SYNTHETIC_HACKATHON_FIXTURE,SHP-5AKR-57059,SIN154479627,"{""order_number"":""5AKR-57059"",""bl_number"":""SIN616928451""}",BL_CHECK_REQUIRED,"[""SI"",""DRAFT_BL""]",2026-09-20T00:00:00Z,docs-desk,2026-09-19T00:00:00Z,CURRENT
SYNTHETIC_HACKATHON_FIXTURE,SHP-5RVN-56543,PSGSE5571928,"{""order_number"":""5RVN-56543"",""bl_number"":""OOLU1355690927""}",BL_CHECK_REQUIRED,"[""SI"",""DRAFT_BL""]",2026-09-20T00:00:00Z,docs-desk,2026-09-19T00:00:00Z,CURRENT
SYNTHETIC_HACKATHON_FIXTURE,SHP-5RVN-78528,I866912517,"{""order_number"":""5RVN-78528"",""bl_number"":""YMJAI782911467""}",BL_CHECK_REQUIRED,"[""SI"",""DRAFT_BL""]",2026-09-20T00:00:00Z,docs-desk,2026-09-19T00:00:00Z,CURRENT
SYNTHETIC_HACKATHON_FIXTURE,SHP-5ALT-92299,PSGSE4981829,"{""order_number"":""5ALT-92299""}",BL_CHECK_REQUIRED,"[""SI"",""DRAFT_BL""]",2026-09-20T00:00:00Z,docs-desk,2026-09-19T00:00:00Z,CURRENT
SYNTHETIC_HACKATHON_FIXTURE,SHP-070500262636,070500262636,{},DRAFT_BL_EXPECTED,"[""SI"",""DRAFT_BL""]",2026-09-20T00:00:00Z,docs-desk,2026-09-19T00:00:00Z,CURRENT
SYNTHETIC_HACKATHON_FIXTURE,SHP-5RUS-16571,SIJ3308330,"{""order_number"":""5RUS-16571"",""bl_number"":""SIJ4842199""}",DRAFT_BL_EXPECTED,"[""SI"",""DRAFT_BL""]",2026-09-20T00:00:00Z,docs-desk,2026-09-19T00:00:00Z,CURRENT
SYNTHETIC_HACKATHON_FIXTURE,SHP-5RAE-04991,ONEYSINF67240,"{""order_number"":""5RAE-04991""}",BL_CHECK_REQUIRED,"[""SI"",""DRAFT_BL""]",2026-09-20T00:00:00Z,docs-desk,2026-09-19T00:00:00Z,CURRENT
SYNTHETIC_HACKATHON_FIXTURE,SHP-5RMY-27530,SIN966851612,"{""order_number"":""5RMY-27530"",""bl_number"":""SIN742054932""}",BL_CHECK_REQUIRED,"[""SI"",""DRAFT_BL""]",2026-09-20T00:00:00Z,docs-desk,2026-09-19T00:00:00Z,CURRENT
SYNTHETIC_HACKATHON_FIXTURE,SHP-5APH-32727,MCLSINJEA2514593,"{""order_number"":""5APH-32727"",""bl_number"":""MCLSIN1742684""}",DRAFT_BL_EXPECTED,"[""SI"",""DRAFT_BL""]",2026-09-20T00:00:00Z,docs-desk,2026-09-19T00:00:00Z,CURRENT
SYNTHETIC_HACKATHON_FIXTURE,SHP-5ALT-46226,MCLSINJEA2580170,"{""order_number"":""5ALT-46226"",""bl_number"":""MCLSIN3910651""}",BL_CHECK_REQUIRED,"[""SI"",""DRAFT_BL""]",2026-09-20T00:00:00Z,docs-desk,2026-09-19T00:00:00Z,CURRENT
SYNTHETIC_HACKATHON_FIXTURE,SHP-5RFR-88263,I334270866,"{""order_number"":""5RFR-88263""}",BL_CHECK_REQUIRED,"[""SI"",""DRAFT_BL""]",2026-09-20T00:00:00Z,docs-desk,2026-09-19T00:00:00Z,CURRENT
SYNTHETIC_HACKATHON_FIXTURE,SHP-5AAT-85621,MSDUL0942529396,"{""order_number"":""5AAT-85621"",""bl_number"":""MEDUUD392614""}",DRAFT_BL_EXPECTED,"[""SI"",""DRAFT_BL""]",2026-09-20T00:00:00Z,docs-desk,2026-09-19T00:00:00Z,CURRENT
SYNTHETIC_HACKATHON_FIXTURE,SHP-5APH-59657,070500212406,"{""order_number"":""5APH-59657"",""bl_number"":""EGLV647154379937""}",DRAFT_BL_EXPECTED,"[""SI"",""DRAFT_BL""]",2026-09-20T00:00:00Z,docs-desk,2026-09-19T00:00:00Z,CURRENT
SYNTHETIC_HACKATHON_FIXTURE,SHP-5RCY-74167,I939828073,"{""order_number"":""5RCY-74167"",""bl_number"":""YMJAI793564651""}",DRAFT_BL_EXPECTED,"[""SI"",""DRAFT_BL""]",2026-09-20T00:00:00Z,docs-desk,2026-09-19T00:00:00Z,CURRENT
SYNTHETIC_HACKATHON_FIXTURE,SHP-5APH-10143,I352909656,"{""order_number"":""5APH-10143""}",BL_CHECK_REQUIRED,"[""SI"",""DRAFT_BL""]",2026-09-20T00:00:00Z,docs-desk,2026-09-19T00:00:00Z,CURRENT
SYNTHETIC_HACKATHON_FIXTURE,SHP-I982544948,I982544948,{},DRAFT_BL_EXPECTED,"[""SI"",""DRAFT_BL""]",2026-09-20T00:00:00Z,docs-desk,2026-09-19T00:00:00Z,CURRENT
SYNTHETIC_HACKATHON_FIXTURE,SHP-5RFR-15206,SIJ2424154,"{""order_number"":""5RFR-15206"",""bl_number"":""SIJ1277063""}",BL_CHECK_REQUIRED,"[""SI"",""DRAFT_BL""]",2026-09-20T00:00:00Z,docs-desk,2026-09-19T00:00:00Z,CURRENT
SYNTHETIC_HACKATHON_FIXTURE,SHP-5RUS-26221,36111554,"{""order_number"":""5RUS-26221"",""bl_number"":""HLCUSIN700516271""}",BL_CHECK_REQUIRED,"[""SI"",""DRAFT_BL""]",2026-09-20T00:00:00Z,docs-desk,2026-09-19T00:00:00Z,CURRENT
SYNTHETIC_HACKATHON_FIXTURE,SHP-5SUS-04389,I341389994,"{""order_number"":""5SUS-04389"",""bl_number"":""YMJAI121965652""}",DRAFT_BL_EXPECTED,"[""SI"",""DRAFT_BL""]",2026-09-20T00:00:00Z,docs-desk,2026-09-19T00:00:00Z,CURRENT
SYNTHETIC_HACKATHON_FIXTURE,SHP-5ALT-85079,ONEYSINF49177,"{""order_number"":""5ALT-85079"",""bl_number"":""SINF41056481""}",DRAFT_BL_EXPECTED,"[""SI"",""DRAFT_BL""]",2026-09-20T00:00:00Z,docs-desk,2026-09-19T00:00:00Z,CURRENT
SYNTHETIC_HACKATHON_FIXTURE,SHP-5RSG-54195,MCLSINJEA2563536,"{""order_number"":""5RSG-54195"",""bl_number"":""MCLSIN7562208""}",BL_CHECK_REQUIRED,"[""SI"",""DRAFT_BL""]",2026-09-20T00:00:00Z,docs-desk,2026-09-19T00:00:00Z,CURRENT
SYNTHETIC_HACKATHON_FIXTURE,SHP-070500297383,070500297383,{},BL_CHECK_REQUIRED,"[""SI"",""DRAFT_BL""]",2026-09-20T00:00:00Z,docs-desk,2026-09-19T00:00:00Z,CURRENT
SYNTHETIC_HACKATHON_FIXTURE,SHP-SIJ0032365,SIJ0032365,{},DRAFT_BL_EXPECTED,"[""SI"",""DRAFT_BL""]",2026-09-20T00:00:00Z,docs-desk,2026-09-19T00:00:00Z,CURRENT
SYNTHETIC_HACKATHON_FIXTURE,SHP-5RUS-95939,070500296902,"{""order_number"":""5RUS-95939"",""bl_number"":""EGLV895392644220""}",DRAFT_BL_EXPECTED,"[""SI"",""DRAFT_BL""]",2026-09-20T00:00:00Z,docs-desk,2026-09-19T00:00:00Z,CURRENT
SYNTHETIC_HACKATHON_FIXTURE,SHP-5RFR-36884,PSGSE9620153,"{""order_number"":""5RFR-36884"",""bl_number"":""OOLU1815997062""}",BL_CHECK_REQUIRED,"[""SI"",""DRAFT_BL""]",2026-09-20T00:00:00Z,docs-desk,2026-09-19T00:00:00Z,CURRENT
SYNTHETIC_HACKATHON_FIXTURE,SHP-5ALT-87937,ONEYSINF80686,"{""order_number"":""5ALT-87937"",""bl_number"":""SINF21158693""}",DRAFT_BL_EXPECTED,"[""SI"",""DRAFT_BL""]",2026-09-20T00:00:00Z,docs-desk,2026-09-19T00:00:00Z,CURRENT
SYNTHETIC_HACKATHON_FIXTURE,SHP-5RSG-79970,SIJ1485646,"{""order_number"":""5RSG-79970"",""bl_number"":""SIJ2999119""}",BL_CHECK_REQUIRED,"[""SI"",""DRAFT_BL""]",2026-09-20T00:00:00Z,docs-desk,2026-09-19T00:00:00Z,CURRENT
SYNTHETIC_HACKATHON_FIXTURE,SHP-5RSG-57972,45786103,"{""order_number"":""5RSG-57972""}",BL_CHECK_REQUIRED,"[""SI"",""DRAFT_BL""]",2026-09-20T00:00:00Z,docs-desk,2026-09-19T00:00:00Z,CURRENT
SYNTHETIC_HACKATHON_FIXTURE,SHP-MSDUL0942580072,MSDUL0942580072,{},DRAFT_BL_EXPECTED,"[""SI"",""DRAFT_BL""]",2026-09-20T00:00:00Z,docs-desk,2026-09-19T00:00:00Z,CURRENT
SYNTHETIC_HACKATHON_FIXTURE,SHP-5AAT-35058,66676008,"{""order_number"":""5AAT-35058""}",BL_CHECK_REQUIRED,"[""SI"",""DRAFT_BL""]",2026-09-20T00:00:00Z,docs-desk,2026-09-19T00:00:00Z,CURRENT
SYNTHETIC_HACKATHON_FIXTURE,SHP-5APH-57532,MSDUL0942598562,"{""order_number"":""5APH-57532"",""bl_number"":""MEDUUD104478""}",BL_CHECK_REQUIRED,"[""SI"",""DRAFT_BL""]",2026-09-20T00:00:00Z,docs-desk,2026-09-19T00:00:00Z,CURRENT
SYNTHETIC_HACKATHON_FIXTURE,SHP-5RAE-73753,MCLSINJEA2564208,"{""order_number"":""5RAE-73753"",""bl_number"":""MCLSIN3934835""}",BL_CHECK_REQUIRED,"[""SI"",""DRAFT_BL""]",2026-09-20T00:00:00Z,docs-desk,2026-09-19T00:00:00Z,CURRENT
SYNTHETIC_HACKATHON_FIXTURE,SHP-5AKR-72269,MCLSINJEA2534654,"{""order_number"":""5AKR-72269"",""bl_number"":""MCLSIN9958669""}",BL_CHECK_REQUIRED,"[""SI"",""DRAFT_BL""]",2026-09-20T00:00:00Z,docs-desk,2026-09-19T00:00:00Z,CURRENT
SYNTHETIC_HACKATHON_FIXTURE,SHP-5APH-60810,MSDUL0942599684,"{""order_number"":""5APH-60810""}",BL_CHECK_REQUIRED,"[""SI"",""DRAFT_BL""]",2026-09-20T00:00:00Z,docs-desk,2026-09-19T00:00:00Z,CURRENT
SYNTHETIC_HACKATHON_FIXTURE,SHP-5RMY-18268,MSDUL0942558328,"{""order_number"":""5RMY-18268"",""bl_number"":""MEDUUD479851""}",BL_CHECK_REQUIRED,"[""SI"",""DRAFT_BL""]",2026-09-20T00:00:00Z,docs-desk,2026-09-19T00:00:00Z,CURRENT
SYNTHETIC_HACKATHON_FIXTURE,SHP-5APH-08588,070500216484,"{""order_number"":""5APH-08588"",""bl_number"":""EGLV801573993056""}",BL_CHECK_REQUIRED,"[""SI"",""DRAFT_BL""]",2026-09-20T00:00:00Z,docs-desk,2026-09-19T00:00:00Z,CURRENT
SYNTHETIC_HACKATHON_FIXTURE,SHP-5RAE-22394,14353682,"{""order_number"":""5RAE-22394"",""bl_number"":""HLCUSIN210099688""}",DRAFT_BL_EXPECTED,"[""SI"",""DRAFT_BL""]",2026-09-20T00:00:00Z,docs-desk,2026-09-19T00:00:00Z,CURRENT
SYNTHETIC_HACKATHON_FIXTURE,SHP-5APH-77739,ONEYSINF13651,"{""order_number"":""5APH-77739"",""bl_number"":""SINF84322259""}",DRAFT_BL_EXPECTED,"[""SI"",""DRAFT_BL""]",2026-09-20T00:00:00Z,docs-desk,2026-09-19T00:00:00Z,CURRENT
SYNTHETIC_HACKATHON_FIXTURE,SHP-5ALT-12799,ONEYSINF88629,"{""order_number"":""5ALT-12799"",""bl_number"":""SINF13662103""}",BL_CHECK_REQUIRED,"[""SI"",""DRAFT_BL""]",2026-09-20T00:00:00Z,docs-desk,2026-09-19T00:00:00Z,CURRENT
SYNTHETIC_HACKATHON_FIXTURE,SHP-5RMY-98643,16247314,"{""order_number"":""5RMY-98643"",""bl_number"":""HLCUSIN086376599""}",BL_CHECK_REQUIRED,"[""SI"",""DRAFT_BL""]",2026-09-20T00:00:00Z,docs-desk,2026-09-19T00:00:00Z,CURRENT
SYNTHETIC_HACKATHON_FIXTURE,SHP-5RSG-68872,MCLSINJEA2559463,"{""order_number"":""5RSG-68872"",""bl_number"":""MCLSIN6944869""}",BL_CHECK_REQUIRED,"[""SI"",""DRAFT_BL""]",2026-09-20T00:00:00Z,docs-desk,2026-09-19T00:00:00Z,CURRENT
SYNTHETIC_HACKATHON_FIXTURE,SHP-5RUS-14351,SIN260127961,"{""order_number"":""5RUS-14351""}",BL_CHECK_REQUIRED,"[""SI"",""DRAFT_BL""]",2026-09-20T00:00:00Z,docs-desk,2026-09-19T00:00:00Z,CURRENT
SYNTHETIC_HACKATHON_FIXTURE,SHP-5RSG-29293,63655647,"{""order_number"":""5RSG-29293"",""bl_number"":""HLCUSIN434795527""}",DRAFT_BL_EXPECTED,"[""SI"",""DRAFT_BL""]",2026-09-20T00:00:00Z,docs-desk,2026-09-19T00:00:00Z,CURRENT
SYNTHETIC_HACKATHON_FIXTURE,SHP-5SUS-16389,MSDUL0942526634,"{""order_number"":""5SUS-16389"",""bl_number"":""MEDUUD368663""}",DRAFT_BL_EXPECTED,"[""SI"",""DRAFT_BL""]",2026-09-20T00:00:00Z,docs-desk,2026-09-19T00:00:00Z,CURRENT
SYNTHETIC_HACKATHON_FIXTURE,SHP-5RAE-03718,SIJ6013673,"{""order_number"":""5RAE-03718"",""bl_number"":""SIJ6187234""}",BL_CHECK_REQUIRED,"[""SI"",""DRAFT_BL""]",2026-09-20T00:00:00Z,docs-desk,2026-09-19T00:00:00Z,CURRENT
SYNTHETIC_HACKATHON_FIXTURE,SHP-5RCY-58573,05281273,"{""order_number"":""5RCY-58573"",""bl_number"":""HLCUSIN513271950""}",DRAFT_BL_EXPECTED,"[""SI"",""DRAFT_BL""]",2026-09-20T00:00:00Z,docs-desk,2026-09-19T00:00:00Z,CURRENT
SYNTHETIC_HACKATHON_FIXTURE,SHP-5RAE-10556,070500294096,"{""order_number"":""5RAE-10556"",""bl_number"":""EGLV196931572791""}",BL_CHECK_REQUIRED,"[""SI"",""DRAFT_BL""]",2026-09-20T00:00:00Z,docs-desk,2026-09-19T00:00:00Z,CURRENT
SYNTHETIC_HACKATHON_FIXTURE,SHP-ONEYSINF40701,ONEYSINF40701,{},BL_CHECK_REQUIRED,"[""SI"",""DRAFT_BL""]",2026-09-20T00:00:00Z,docs-desk,2026-09-19T00:00:00Z,CURRENT
SYNTHETIC_HACKATHON_FIXTURE,SHP-5RMY-99499,PSGSE4231220,"{""order_number"":""5RMY-99499"",""bl_number"":""OOLU1252056647""}",BL_CHECK_REQUIRED,"[""SI"",""DRAFT_BL""]",2026-09-20T00:00:00Z,docs-desk,2026-09-19T00:00:00Z,CURRENT
SYNTHETIC_HACKATHON_FIXTURE,SHP-5RFR-12797,070500246333,"{""order_number"":""5RFR-12797"",""bl_number"":""EGLV526772233060""}",BL_CHECK_REQUIRED,"[""SI"",""DRAFT_BL""]",2026-09-20T00:00:00Z,docs-desk,2026-09-19T00:00:00Z,CURRENT
SYNTHETIC_HACKATHON_FIXTURE,SHP-SIN860868034,SIN860868034,{},DRAFT_BL_EXPECTED,"[""SI"",""DRAFT_BL""]",2026-09-20T00:00:00Z,docs-desk,2026-09-19T00:00:00Z,CURRENT
SYNTHETIC_HACKATHON_FIXTURE,SHP-5RMY-40777,SIJ4212309,"{""order_number"":""5RMY-40777"",""bl_number"":""SIJ2206447""}",BL_CHECK_REQUIRED,"[""SI"",""DRAFT_BL""]",2026-09-20T00:00:00Z,docs-desk,2026-09-19T00:00:00Z,CURRENT
SYNTHETIC_HACKATHON_FIXTURE,SHP-5RVN-90235,MCLSINJEA2515569,"{""order_number"":""5RVN-90235""}",BL_CHECK_REQUIRED,"[""SI"",""DRAFT_BL""]",2026-09-20T00:00:00Z,docs-desk,2026-09-19T00:00:00Z,CURRENT
SYNTHETIC_HACKATHON_FIXTURE,SHP-5RUS-01601,I495870207,"{""order_number"":""5RUS-01601"",""bl_number"":""YMJAI854249321""}",DRAFT_BL_EXPECTED,"[""SI"",""DRAFT_BL""]",2026-09-20T00:00:00Z,docs-desk,2026-09-19T00:00:00Z,CURRENT
SYNTHETIC_HACKATHON_FIXTURE,SHP-5AKR-55770,I733294562,"{""order_number"":""5AKR-55770"",""bl_number"":""YMJAI792171747""}",DRAFT_BL_EXPECTED,"[""SI"",""DRAFT_BL""]",2026-09-20T00:00:00Z,docs-desk,2026-09-19T00:00:00Z,CURRENT
SYNTHETIC_HACKATHON_FIXTURE,SHP-MSDUL0942561919,MSDUL0942561919,{},DRAFT_BL_EXPECTED,"[""SI"",""DRAFT_BL""]",2026-09-20T00:00:00Z,docs-desk,2026-09-19T00:00:00Z,CURRENT
SYNTHETIC_HACKATHON_FIXTURE,SHP-MSDUL0942551909,MSDUL0942551909,{},DRAFT_BL_EXPECTED,"[""SI"",""DRAFT_BL""]",2026-09-20T00:00:00Z,docs-desk,2026-09-19T00:00:00Z,CURRENT
SYNTHETIC_HACKATHON_FIXTURE,SHP-05129276,05129276,{},DRAFT_BL_EXPECTED,"[""SI"",""DRAFT_BL""]",2026-09-20T00:00:00Z,docs-desk,2026-09-19T00:00:00Z,CURRENT
SYNTHETIC_HACKATHON_FIXTURE,SHP-5RAE-43009,MCLSINJEA2517534,"{""order_number"":""5RAE-43009""}",BL_CHECK_REQUIRED,"[""SI"",""DRAFT_BL""]",2026-09-20T00:00:00Z,docs-desk,2026-09-19T00:00:00Z,CURRENT
SYNTHETIC_HACKATHON_FIXTURE,SHP-5APH-04427,PSGSE2140665,"{""order_number"":""5APH-04427"",""bl_number"":""OOLU2447174654""}",BL_CHECK_REQUIRED,"[""SI"",""DRAFT_BL""]",2026-09-20T00:00:00Z,docs-desk,2026-09-19T00:00:00Z,CURRENT
SYNTHETIC_HACKATHON_FIXTURE,SHP-5ALT-20064,MCLSINJEA2594707,"{""order_number"":""5ALT-20064"",""bl_number"":""MCLSIN1741011""}",DRAFT_BL_EXPECTED,"[""SI"",""DRAFT_BL""]",2026-09-20T00:00:00Z,docs-desk,2026-09-19T00:00:00Z,CURRENT
SYNTHETIC_HACKATHON_FIXTURE,SHP-5ALT-16873,070500292983,"{""order_number"":""5ALT-16873"",""bl_number"":""EGLV421776253492""}",DRAFT_BL_EXPECTED,"[""SI"",""DRAFT_BL""]",2026-09-20T00:00:00Z,docs-desk,2026-09-19T00:00:00Z,CURRENT
SYNTHETIC_HACKATHON_FIXTURE,SHP-5RCY-77318,ONEYSINF68671,"{""order_number"":""5RCY-77318""}",BL_CHECK_REQUIRED,"[""SI"",""DRAFT_BL""]",2026-09-20T00:00:00Z,docs-desk,2026-09-19T00:00:00Z,CURRENT
SYNTHETIC_HACKATHON_FIXTURE,SHP-5APH-28410,MCLSINJEA2552578,"{""order_number"":""5APH-28410"",""bl_number"":""MCLSIN4523805""}",DRAFT_BL_EXPECTED,"[""SI"",""DRAFT_BL""]",2026-09-20T00:00:00Z,docs-desk,2026-09-19T00:00:00Z,CURRENT
SYNTHETIC_HACKATHON_FIXTURE,SHP-5RUS-79473,MCLSINJEA2557164,"{""order_number"":""5RUS-79473"",""bl_number"":""MCLSIN2754801""}",DRAFT_BL_EXPECTED,"[""SI"",""DRAFT_BL""]",2026-09-20T00:00:00Z,docs-desk,2026-09-19T00:00:00Z,CURRENT
SYNTHETIC_HACKATHON_FIXTURE,SHP-5ALT-67700,SIJ0061675,"{""order_number"":""5ALT-67700"",""bl_number"":""SIJ7848588""}",DRAFT_BL_EXPECTED,"[""SI"",""DRAFT_BL""]",2026-09-20T00:00:00Z,docs-desk,2026-09-19T00:00:00Z,CURRENT
SYNTHETIC_HACKATHON_FIXTURE,SHP-5RMY-50769,SIN911415208,"{""order_number"":""5RMY-50769"",""bl_number"":""SIN556503334""}",BL_CHECK_REQUIRED,"[""SI"",""DRAFT_BL""]",2026-09-20T00:00:00Z,docs-desk,2026-09-19T00:00:00Z,CURRENT
SYNTHETIC_HACKATHON_FIXTURE,SHP-5SUS-49878,ONEYSINF85366,"{""order_number"":""5SUS-49878""}",BL_CHECK_REQUIRED,"[""SI"",""DRAFT_BL""]",2026-09-20T00:00:00Z,docs-desk,2026-09-19T00:00:00Z,CURRENT
SYNTHETIC_HACKATHON_FIXTURE,SHP-00159416,00159416,{},DRAFT_BL_EXPECTED,"[""SI"",""DRAFT_BL""]",2026-09-20T00:00:00Z,docs-desk,2026-09-19T00:00:00Z,CURRENT
SYNTHETIC_HACKATHON_FIXTURE,SHP-5RMY-80053,ONEYSINF69411,"{""order_number"":""5RMY-80053""}",BL_CHECK_REQUIRED,"[""SI"",""DRAFT_BL""]",2026-09-20T00:00:00Z,docs-desk,2026-09-19T00:00:00Z,CURRENT
SYNTHETIC_HACKATHON_FIXTURE,SHP-5RMY-76170,ONEYSINF20742,"{""order_number"":""5RMY-76170"",""bl_number"":""SINF28703203""}",DRAFT_BL_EXPECTED,"[""SI"",""DRAFT_BL""]",2026-09-20T00:00:00Z,docs-desk,2026-09-19T00:00:00Z,CURRENT
SYNTHETIC_HACKATHON_FIXTURE,SHP-5SUS-42361,50189616,"{""order_number"":""5SUS-42361"",""bl_number"":""HLCUSIN097592304""}",BL_CHECK_REQUIRED,"[""SI"",""DRAFT_BL""]",2026-09-20T00:00:00Z,docs-desk,2026-09-19T00:00:00Z,CURRENT
SYNTHETIC_HACKATHON_FIXTURE,SHP-5APH-32194,SIN459779452,"{""order_number"":""5APH-32194"",""bl_number"":""SIN017226016""}",DRAFT_BL_EXPECTED,"[""SI"",""DRAFT_BL""]",2026-09-20T00:00:00Z,docs-desk,2026-09-19T00:00:00Z,CURRENT
SYNTHETIC_HACKATHON_FIXTURE,SHP-PSGSE0310303,PSGSE0310303,{},BL_CHECK_REQUIRED,"[""SI"",""DRAFT_BL""]",2026-09-20T00:00:00Z,docs-desk,2026-09-19T00:00:00Z,CURRENT
SYNTHETIC_HACKATHON_FIXTURE,SHP-5RAE-11991,MCLSINJEA2591077,"{""order_number"":""5RAE-11991"",""bl_number"":""MCLSIN5508428""}",DRAFT_BL_EXPECTED,"[""SI"",""DRAFT_BL""]",2026-09-20T00:00:00Z,docs-desk,2026-09-19T00:00:00Z,CURRENT
SYNTHETIC_HACKATHON_FIXTURE,SHP-5RSG-29084,MCLSINJEA2526060,"{""order_number"":""5RSG-29084""}",BL_CHECK_REQUIRED,"[""SI"",""DRAFT_BL""]",2026-09-20T00:00:00Z,docs-desk,2026-09-19T00:00:00Z,CURRENT
SYNTHETIC_HACKATHON_FIXTURE,SHP-070500256288,070500256288,{},DRAFT_BL_EXPECTED,"[""SI"",""DRAFT_BL""]",2026-09-20T00:00:00Z,docs-desk,2026-09-19T00:00:00Z,CURRENT
SYNTHETIC_HACKATHON_FIXTURE,SHP-5RSG-56411,MSDUL0942562608,"{""order_number"":""5RSG-56411""}",BL_CHECK_REQUIRED,"[""SI"",""DRAFT_BL""]",2026-09-20T00:00:00Z,docs-desk,2026-09-19T00:00:00Z,CURRENT
SYNTHETIC_HACKATHON_FIXTURE,SHP-5RCY-61284,PSGSE0289141,"{""order_number"":""5RCY-61284"",""bl_number"":""OOLU7494653984""}",DRAFT_BL_EXPECTED,"[""SI"",""DRAFT_BL""]",2026-09-20T00:00:00Z,docs-desk,2026-09-19T00:00:00Z,CURRENT
SYNTHETIC_HACKATHON_FIXTURE,SHP-5SUS-61498,I750479303,"{""order_number"":""5SUS-61498"",""bl_number"":""YMJAI045319433""}",DRAFT_BL_EXPECTED,"[""SI"",""DRAFT_BL""]",2026-09-20T00:00:00Z,docs-desk,2026-09-19T00:00:00Z,CURRENT
SYNTHETIC_HACKATHON_FIXTURE,SHP-I133254110,I133254110,{},DRAFT_BL_EXPECTED,"[""SI"",""DRAFT_BL""]",2026-09-20T00:00:00Z,docs-desk,2026-09-19T00:00:00Z,CURRENT
SYNTHETIC_HACKATHON_FIXTURE,SHP-5RSG-92845,31109193,"{""order_number"":""5RSG-92845"",""bl_number"":""HLCUSIN991507859""}",DRAFT_BL_EXPECTED,"[""SI"",""DRAFT_BL""]",2026-09-20T00:00:00Z,docs-desk,2026-09-19T00:00:00Z,CURRENT
SYNTHETIC_HACKATHON_FIXTURE,SHP-5RCY-86857,SIJ7317912,"{""order_number"":""5RCY-86857"",""bl_number"":""SIJ5304289""}",BL_CHECK_REQUIRED,"[""SI"",""DRAFT_BL""]",2026-09-20T00:00:00Z,docs-desk,2026-09-19T00:00:00Z,CURRENT
SYNTHETIC_HACKATHON_FIXTURE,SHP-5SUS-48121,SIJ3466925,"{""order_number"":""5SUS-48121"",""bl_number"":""SIJ0333736""}",DRAFT_BL_EXPECTED,"[""SI"",""DRAFT_BL""]",2026-09-20T00:00:00Z,docs-desk,2026-09-19T00:00:00Z,CURRENT
SYNTHETIC_HACKATHON_FIXTURE,SHP-5RUS-33738,PSGSE9078263,"{""order_number"":""5RUS-33738"",""bl_number"":""OOLU9284044566""}",BL_CHECK_REQUIRED,"[""SI"",""DRAFT_BL""]",2026-09-20T00:00:00Z,docs-desk,2026-09-19T00:00:00Z,CURRENT
SYNTHETIC_HACKATHON_FIXTURE,SHP-5APH-02716,SIN994938743,"{""order_number"":""5APH-02716"",""bl_number"":""SIN163234672""}",BL_CHECK_REQUIRED,"[""SI"",""DRAFT_BL""]",2026-09-20T00:00:00Z,docs-desk,2026-09-19T00:00:00Z,CURRENT
SYNTHETIC_HACKATHON_FIXTURE,SHP-09976838,09976838,{},DRAFT_BL_EXPECTED,"[""SI"",""DRAFT_BL""]",2026-09-20T00:00:00Z,docs-desk,2026-09-19T00:00:00Z,CURRENT
SYNTHETIC_HACKATHON_FIXTURE,SHP-5ALT-33803,I508640355,"{""order_number"":""5ALT-33803"",""bl_number"":""YMJAI630397524""}",DRAFT_BL_EXPECTED,"[""SI"",""DRAFT_BL""]",2026-09-20T00:00:00Z,docs-desk,2026-09-19T00:00:00Z,CURRENT
SYNTHETIC_HACKATHON_FIXTURE,SHP-ONEYSINF14150,ONEYSINF14150,{},DRAFT_BL_EXPECTED,"[""SI"",""DRAFT_BL""]",2026-09-20T00:00:00Z,docs-desk,2026-09-19T00:00:00Z,CURRENT
SYNTHETIC_HACKATHON_FIXTURE,SHP-5RMY-12871,PSGSE2564347,"{""order_number"":""5RMY-12871"",""bl_number"":""OOLU7833321160""}",BL_CHECK_REQUIRED,"[""SI"",""DRAFT_BL""]",2026-09-20T00:00:00Z,docs-desk,2026-09-19T00:00:00Z,CURRENT
SYNTHETIC_HACKATHON_FIXTURE,SHP-5AAT-04098,SIJ1952569,"{""order_number"":""5AAT-04098"",""bl_number"":""SIJ4111593""}",DRAFT_BL_EXPECTED,"[""SI"",""DRAFT_BL""]",2026-09-20T00:00:00Z,docs-desk,2026-09-19T00:00:00Z,CURRENT
SYNTHETIC_HACKATHON_FIXTURE,SHP-5AKR-76492,SIJ9741926,"{""order_number"":""5AKR-76492"",""bl_number"":""SIJ1783099""}",BL_CHECK_REQUIRED,"[""SI"",""DRAFT_BL""]",2026-09-20T00:00:00Z,docs-desk,2026-09-19T00:00:00Z,CURRENT
SYNTHETIC_HACKATHON_FIXTURE,SHP-5RMY-43598,SIN671462831,"{""order_number"":""5RMY-43598"",""bl_number"":""SIN296184462""}",DRAFT_BL_EXPECTED,"[""SI"",""DRAFT_BL""]",2026-09-20T00:00:00Z,docs-desk,2026-09-19T00:00:00Z,CURRENT
SYNTHETIC_HACKATHON_FIXTURE,SHP-5RFR-11284,23401636,"{""order_number"":""5RFR-11284"",""bl_number"":""HLCUSIN186151554""}",BL_CHECK_REQUIRED,"[""SI"",""DRAFT_BL""]",2026-09-20T00:00:00Z,docs-desk,2026-09-19T00:00:00Z,CURRENT
SYNTHETIC_HACKATHON_FIXTURE,SHP-5RCY-94053,24082226,"{""order_number"":""5RCY-94053"",""bl_number"":""HLCUSIN625889679""}",DRAFT_BL_EXPECTED,"[""SI"",""DRAFT_BL""]",2026-09-20T00:00:00Z,docs-desk,2026-09-19T00:00:00Z,CURRENT
SYNTHETIC_HACKATHON_FIXTURE,SHP-PSGSE9014870,PSGSE9014870,{},BL_CHECK_REQUIRED,"[""SI"",""DRAFT_BL""]",2026-09-20T00:00:00Z,docs-desk,2026-09-19T00:00:00Z,CURRENT
SYNTHETIC_HACKATHON_FIXTURE,SHP-17722560,17722560,{},DRAFT_BL_EXPECTED,"[""SI"",""DRAFT_BL""]",2026-09-20T00:00:00Z,docs-desk,2026-09-19T00:00:00Z,CURRENT
SYNTHETIC_HACKATHON_FIXTURE,SHP-5RSG-43260,I239231260,"{""order_number"":""5RSG-43260"",""bl_number"":""YMJAI143637189""}",BL_CHECK_REQUIRED,"[""SI"",""DRAFT_BL""]",2026-09-20T00:00:00Z,docs-desk,2026-09-19T00:00:00Z,CURRENT
SYNTHETIC_HACKATHON_FIXTURE,SHP-5RFR-39611,MCLSINJEA2589534,"{""order_number"":""5RFR-39611"",""bl_number"":""MCLSIN0825559""}",DRAFT_BL_EXPECTED,"[""SI"",""DRAFT_BL""]",2026-09-20T00:00:00Z,docs-desk,2026-09-19T00:00:00Z,CURRENT
SYNTHETIC_HACKATHON_FIXTURE,SHP-5AKR-84269,MCLSINJEA2559551,"{""order_number"":""5AKR-84269""}",BL_CHECK_REQUIRED,"[""SI"",""DRAFT_BL""]",2026-09-20T00:00:00Z,docs-desk,2026-09-19T00:00:00Z,CURRENT
SYNTHETIC_HACKATHON_FIXTURE,SHP-5RMY-62736,MSDUL0942535439,"{""order_number"":""5RMY-62736"",""bl_number"":""MEDUUD649837""}",BL_CHECK_REQUIRED,"[""SI"",""DRAFT_BL""]",2026-09-20T00:00:00Z,docs-desk,2026-09-19T00:00:00Z,CURRENT
SYNTHETIC_HACKATHON_FIXTURE,SHP-5RVN-69036,ONEYSINF18623,"{""order_number"":""5RVN-69036"",""bl_number"":""SINF49843624""}",DRAFT_BL_EXPECTED,"[""SI"",""DRAFT_BL""]",2026-09-20T00:00:00Z,docs-desk,2026-09-19T00:00:00Z,CURRENT
SYNTHETIC_HACKATHON_FIXTURE,SHP-SIJ0342811,SIJ0342811,{},DRAFT_BL_EXPECTED,"[""SI"",""DRAFT_BL""]",2026-09-20T00:00:00Z,docs-desk,2026-09-19T00:00:00Z,CURRENT
SYNTHETIC_HACKATHON_FIXTURE,SHP-5AAT-33991,MCLSINJEA2559606,"{""order_number"":""5AAT-33991"",""bl_number"":""MCLSIN9857254""}",DRAFT_BL_EXPECTED,"[""SI"",""DRAFT_BL""]",2026-09-20T00:00:00Z,docs-desk,2026-09-19T00:00:00Z,CURRENT
SYNTHETIC_HACKATHON_FIXTURE,SHP-5RMY-60567,SIN827235909,"{""order_number"":""5RMY-60567"",""bl_number"":""SIN597371470""}",BL_CHECK_REQUIRED,"[""SI"",""DRAFT_BL""]",2026-09-20T00:00:00Z,docs-desk,2026-09-19T00:00:00Z,CURRENT
SYNTHETIC_HACKATHON_FIXTURE,SHP-5RSG-36829,07279103,"{""order_number"":""5RSG-36829"",""bl_number"":""HLCUSIN272751648""}",DRAFT_BL_EXPECTED,"[""SI"",""DRAFT_BL""]",2026-09-20T00:00:00Z,docs-desk,2026-09-19T00:00:00Z,CURRENT
SYNTHETIC_HACKATHON_FIXTURE,SHP-5AAT-39551,PSGSE4591966,"{""order_number"":""5AAT-39551""}",BL_CHECK_REQUIRED,"[""SI"",""DRAFT_BL""]",2026-09-20T00:00:00Z,docs-desk,2026-09-19T00:00:00Z,CURRENT
SYNTHETIC_HACKATHON_FIXTURE,SHP-5AAT-05053,ONEYSINF55251,"{""order_number"":""5AAT-05053"",""bl_number"":""SINF25625313""}",BL_CHECK_REQUIRED,"[""SI"",""DRAFT_BL""]",2026-09-20T00:00:00Z,docs-desk,2026-09-19T00:00:00Z,CURRENT
SYNTHETIC_HACKATHON_FIXTURE,SHP-5APH-90647,PSGSE5561857,"{""order_number"":""5APH-90647"",""bl_number"":""OOLU8050171644""}",DRAFT_BL_EXPECTED,"[""SI"",""DRAFT_BL""]",2026-09-20T00:00:00Z,docs-desk,2026-09-19T00:00:00Z,CURRENT
SYNTHETIC_HACKATHON_FIXTURE,SHP-SIJ6326868,SIJ6326868,{},DRAFT_BL_EXPECTED,"[""SI"",""DRAFT_BL""]",2026-09-20T00:00:00Z,docs-desk,2026-09-19T00:00:00Z,CURRENT
SYNTHETIC_HACKATHON_FIXTURE,SHP-5AAT-96661,I094318143,"{""order_number"":""5AAT-96661"",""bl_number"":""YMJAI861031310""}",BL_CHECK_REQUIRED,"[""SI"",""DRAFT_BL""]",2026-09-20T00:00:00Z,docs-desk,2026-09-19T00:00:00Z,CURRENT
SYNTHETIC_HACKATHON_FIXTURE,SHP-5RFR-24120,PSGSE7207650,"{""order_number"":""5RFR-24120"",""bl_number"":""OOLU9743251225""}",DRAFT_BL_EXPECTED,"[""SI"",""DRAFT_BL""]",2026-09-20T00:00:00Z,docs-desk,2026-09-19T00:00:00Z,CURRENT
SYNTHETIC_HACKATHON_FIXTURE,SHP-5AAT-75676,I661287585,"{""order_number"":""5AAT-75676"",""bl_number"":""YMJAI344149782""}",BL_CHECK_REQUIRED,"[""SI"",""DRAFT_BL""]",2026-09-20T00:00:00Z,docs-desk,2026-09-19T00:00:00Z,CURRENT
SYNTHETIC_HACKATHON_FIXTURE,SHP-5RCY-01041,ONEYSINF60787,"{""order_number"":""5RCY-01041""}",BL_CHECK_REQUIRED,"[""SI"",""DRAFT_BL""]",2026-09-20T00:00:00Z,docs-desk,2026-09-19T00:00:00Z,CURRENT
SYNTHETIC_HACKATHON_FIXTURE,SHP-5RAE-81331,SIN793110291,"{""order_number"":""5RAE-81331"",""bl_number"":""SIN287232440""}",DRAFT_BL_EXPECTED,"[""SI"",""DRAFT_BL""]",2026-09-20T00:00:00Z,docs-desk,2026-09-19T00:00:00Z,CURRENT
SYNTHETIC_HACKATHON_FIXTURE,SHP-5RCY-19754,SIN328837744,"{""order_number"":""5RCY-19754"",""bl_number"":""SIN979162022""}",BL_CHECK_REQUIRED,"[""SI"",""DRAFT_BL""]",2026-09-20T00:00:00Z,docs-desk,2026-09-19T00:00:00Z,CURRENT
SYNTHETIC_HACKATHON_FIXTURE,SHP-5RSG-78360,PSGSE7070705,"{""order_number"":""5RSG-78360"",""bl_number"":""OOLU4901495427""}",BL_CHECK_REQUIRED,"[""SI"",""DRAFT_BL""]",2026-09-20T00:00:00Z,docs-desk,2026-09-19T00:00:00Z,CURRENT
SYNTHETIC_HACKATHON_FIXTURE,SHP-5RSG-98645,070500250988,"{""order_number"":""5RSG-98645"",""bl_number"":""EGLV765728941347""}",BL_CHECK_REQUIRED,"[""SI"",""DRAFT_BL""]",2026-09-20T00:00:00Z,docs-desk,2026-09-19T00:00:00Z,CURRENT
SYNTHETIC_HACKATHON_FIXTURE,SHP-5RCY-83061,27274231,"{""order_number"":""5RCY-83061"",""bl_number"":""HLCUSIN032963347""}",BL_CHECK_REQUIRED,"[""SI"",""DRAFT_BL""]",2026-09-20T00:00:00Z,docs-desk,2026-09-19T00:00:00Z,CURRENT
SYNTHETIC_HACKATHON_FIXTURE,SHP-5RAE-63425,SIN108358328,"{""order_number"":""5RAE-63425"",""bl_number"":""SIN980061558""}",BL_CHECK_REQUIRED,"[""SI"",""DRAFT_BL""]",2026-09-20T00:00:00Z,docs-desk,2026-09-19T00:00:00Z,CURRENT
SYNTHETIC_HACKATHON_FIXTURE,SHP-5RFR-72781,MCLSINJEA2590797,"{""order_number"":""5RFR-72781"",""bl_number"":""MCLSIN4760440""}",BL_CHECK_REQUIRED,"[""SI"",""DRAFT_BL""]",2026-09-20T00:00:00Z,docs-desk,2026-09-19T00:00:00Z,CURRENT
SYNTHETIC_HACKATHON_FIXTURE,SHP-5RFR-60138,SIJ5295806,"{""order_number"":""5RFR-60138""}",BL_CHECK_REQUIRED,"[""SI"",""DRAFT_BL""]",2026-09-20T00:00:00Z,docs-desk,2026-09-19T00:00:00Z,CURRENT
SYNTHETIC_HACKATHON_FIXTURE,SHP-5RUS-90203,070500212125,"{""order_number"":""5RUS-90203"",""bl_number"":""EGLV485157919711""}",BL_CHECK_REQUIRED,"[""SI"",""DRAFT_BL""]",2026-09-20T00:00:00Z,docs-desk,2026-09-19T00:00:00Z,CURRENT
SYNTHETIC_HACKATHON_FIXTURE,SHP-MCLSINJEA2543740,MCLSINJEA2543740,{},DRAFT_BL_EXPECTED,"[""SI"",""DRAFT_BL""]",2026-09-20T00:00:00Z,docs-desk,2026-09-19T00:00:00Z,CURRENT
SYNTHETIC_HACKATHON_FIXTURE,SHP-5RMY-25762,PSGSE9225014,"{""order_number"":""5RMY-25762""}",BL_CHECK_REQUIRED,"[""SI"",""DRAFT_BL""]",2026-09-20T00:00:00Z,docs-desk,2026-09-19T00:00:00Z,CURRENT
SYNTHETIC_HACKATHON_FIXTURE,SHP-5APH-63767,MSDUL0942525178,"{""order_number"":""5APH-63767"",""bl_number"":""MEDUUD328507""}",DRAFT_BL_EXPECTED,"[""SI"",""DRAFT_BL""]",2026-09-20T00:00:00Z,docs-desk,2026-09-19T00:00:00Z,CURRENT
SYNTHETIC_HACKATHON_FIXTURE,SHP-070500209961,070500209961,{},DRAFT_BL_EXPECTED,"[""SI"",""DRAFT_BL""]",2026-09-20T00:00:00Z,docs-desk,2026-09-19T00:00:00Z,CURRENT
SYNTHETIC_HACKATHON_FIXTURE,SHP-5RAE-26460,PSGSE5727738,"{""order_number"":""5RAE-26460"",""bl_number"":""OOLU9586780555""}",BL_CHECK_REQUIRED,"[""SI"",""DRAFT_BL""]",2026-09-20T00:00:00Z,docs-desk,2026-09-19T00:00:00Z,CURRENT
SYNTHETIC_HACKATHON_FIXTURE,SHP-070500290458,070500290458,{},BL_CHECK_REQUIRED,"[""SI"",""DRAFT_BL""]",2026-09-20T00:00:00Z,docs-desk,2026-09-19T00:00:00Z,CURRENT
SYNTHETIC_HACKATHON_FIXTURE,SHP-5RVN-93974,MSDUL0942517318,"{""order_number"":""5RVN-93974"",""bl_number"":""MEDUUD513717""}",DRAFT_BL_EXPECTED,"[""SI"",""DRAFT_BL""]",2026-09-20T00:00:00Z,docs-desk,2026-09-19T00:00:00Z,CURRENT
SYNTHETIC_HACKATHON_FIXTURE,SHP-5ALT-99601,ONEYSINF06734,"{""order_number"":""5ALT-99601"",""bl_number"":""SINF11325797""}",BL_CHECK_REQUIRED,"[""SI"",""DRAFT_BL""]",2026-09-20T00:00:00Z,docs-desk,2026-09-19T00:00:00Z,CURRENT
SYNTHETIC_HACKATHON_FIXTURE,SHP-5RUS-74951,070500260858,"{""order_number"":""5RUS-74951"",""bl_number"":""EGLV166670808509""}",BL_CHECK_REQUIRED,"[""SI"",""DRAFT_BL""]",2026-09-20T00:00:00Z,docs-desk,2026-09-19T00:00:00Z,CURRENT
SYNTHETIC_HACKATHON_FIXTURE,SHP-5SUS-75396,ONEYSINF65097,"{""order_number"":""5SUS-75396"",""bl_number"":""SINF03202032""}",BL_CHECK_REQUIRED,"[""SI"",""DRAFT_BL""]",2026-09-20T00:00:00Z,docs-desk,2026-09-19T00:00:00Z,CURRENT
SYNTHETIC_HACKATHON_FIXTURE,SHP-5RMY-11842,070500282137,"{""order_number"":""5RMY-11842"",""bl_number"":""EGLV578715841560""}",BL_CHECK_REQUIRED,"[""SI"",""DRAFT_BL""]",2026-09-20T00:00:00Z,docs-desk,2026-09-19T00:00:00Z,CURRENT
SYNTHETIC_HACKATHON_FIXTURE,SHP-5SUS-83825,MCLSINJEA2588085,"{""order_number"":""5SUS-83825""}",BL_CHECK_REQUIRED,"[""SI"",""DRAFT_BL""]",2026-09-20T00:00:00Z,docs-desk,2026-09-19T00:00:00Z,CURRENT
SYNTHETIC_HACKATHON_FIXTURE,SHP-5AAT-06227,070500243991,"{""order_number"":""5AAT-06227"",""bl_number"":""EGLV686775240148""}",BL_CHECK_REQUIRED,"[""SI"",""DRAFT_BL""]",2026-09-20T00:00:00Z,docs-desk,2026-09-19T00:00:00Z,CURRENT
SYNTHETIC_HACKATHON_FIXTURE,SHP-5RCY-35837,070500278519,"{""order_number"":""5RCY-35837"",""bl_number"":""EGLV585125389218""}",BL_CHECK_REQUIRED,"[""SI"",""DRAFT_BL""]",2026-09-20T00:00:00Z,docs-desk,2026-09-19T00:00:00Z,CURRENT
SYNTHETIC_HACKATHON_FIXTURE,SHP-5AAT-90805,MCLSINJEA2571840,"{""order_number"":""5AAT-90805"",""bl_number"":""MCLSIN4633515""}",DRAFT_BL_EXPECTED,"[""SI"",""DRAFT_BL""]",2026-09-20T00:00:00Z,docs-desk,2026-09-19T00:00:00Z,CURRENT
SYNTHETIC_HACKATHON_FIXTURE,SHP-5SUS-73605,SIJ8153523,"{""order_number"":""5SUS-73605"",""bl_number"":""SIJ9578671""}",DRAFT_BL_EXPECTED,"[""SI"",""DRAFT_BL""]",2026-09-20T00:00:00Z,docs-desk,2026-09-19T00:00:00Z,CURRENT
SYNTHETIC_HACKATHON_FIXTURE,SHP-5RSG-58068,MCLSINJEA2500463,"{""order_number"":""5RSG-58068"",""bl_number"":""MCLSIN9982508""}",DRAFT_BL_EXPECTED,"[""SI"",""DRAFT_BL""]",2026-09-20T00:00:00Z,docs-desk,2026-09-19T00:00:00Z,CURRENT
SYNTHETIC_HACKATHON_FIXTURE,SHP-5RVN-02293,03526356,"{""order_number"":""5RVN-02293"",""bl_number"":""HLCUSIN399006314""}",DRAFT_BL_EXPECTED,"[""SI"",""DRAFT_BL""]",2026-09-20T00:00:00Z,docs-desk,2026-09-19T00:00:00Z,CURRENT
SYNTHETIC_HACKATHON_FIXTURE,SHP-5SUS-36957,MCLSINJEA2506211,"{""order_number"":""5SUS-36957"",""bl_number"":""MCLSIN8077113""}",BL_CHECK_REQUIRED,"[""SI"",""DRAFT_BL""]",2026-09-20T00:00:00Z,docs-desk,2026-09-19T00:00:00Z,CURRENT
SYNTHETIC_HACKATHON_FIXTURE,SHP-5RAE-81079,SIN090691309,"{""order_number"":""5RAE-81079"",""bl_number"":""SIN255021306""}",BL_CHECK_REQUIRED,"[""SI"",""DRAFT_BL""]",2026-09-20T00:00:00Z,docs-desk,2026-09-19T00:00:00Z,CURRENT
SYNTHETIC_HACKATHON_FIXTURE,SHP-5RMY-22618,SIN775244182,"{""order_number"":""5RMY-22618"",""bl_number"":""SIN323415959""}",DRAFT_BL_EXPECTED,"[""SI"",""DRAFT_BL""]",2026-09-20T00:00:00Z,docs-desk,2026-09-19T00:00:00Z,CURRENT
SYNTHETIC_HACKATHON_FIXTURE,SHP-5ALT-34476,I384807520,"{""order_number"":""5ALT-34476"",""bl_number"":""YMJAI970996254""}",BL_CHECK_REQUIRED,"[""SI"",""DRAFT_BL""]",2026-09-20T00:00:00Z,docs-desk,2026-09-19T00:00:00Z,CURRENT
SYNTHETIC_HACKATHON_FIXTURE,SHP-5RMY-33797,070500259399,"{""order_number"":""5RMY-33797"",""bl_number"":""EGLV353574859532""}",BL_CHECK_REQUIRED,"[""SI"",""DRAFT_BL""]",2026-09-20T00:00:00Z,docs-desk,2026-09-19T00:00:00Z,CURRENT
SYNTHETIC_HACKATHON_FIXTURE,SHP-I733055978,I733055978,{},DRAFT_BL_EXPECTED,"[""SI"",""DRAFT_BL""]",2026-09-20T00:00:00Z,docs-desk,2026-09-19T00:00:00Z,CURRENT
SYNTHETIC_HACKATHON_FIXTURE,SHP-ONEYSINF47068,ONEYSINF47068,{},DRAFT_BL_EXPECTED,"[""SI"",""DRAFT_BL""]",2026-09-20T00:00:00Z,docs-desk,2026-09-19T00:00:00Z,CURRENT
SYNTHETIC_HACKATHON_FIXTURE,SHP-5ALT-80403,PSGSE5703943,"{""order_number"":""5ALT-80403"",""bl_number"":""OOLU0613394394""}",DRAFT_BL_EXPECTED,"[""SI"",""DRAFT_BL""]",2026-09-20T00:00:00Z,docs-desk,2026-09-19T00:00:00Z,CURRENT
SYNTHETIC_HACKATHON_FIXTURE,SHP-MCLSINJEA2572011,MCLSINJEA2572011,{},DRAFT_BL_EXPECTED,"[""SI"",""DRAFT_BL""]",2026-09-20T00:00:00Z,docs-desk,2026-09-19T00:00:00Z,CURRENT
SYNTHETIC_HACKATHON_FIXTURE,SHP-5AAT-65619,65754278,"{""order_number"":""5AAT-65619"",""bl_number"":""HLCUSIN588255629""}",DRAFT_BL_EXPECTED,"[""SI"",""DRAFT_BL""]",2026-09-20T00:00:00Z,docs-desk,2026-09-19T00:00:00Z,CURRENT
SYNTHETIC_HACKATHON_FIXTURE,SHP-5APH-81904,MCLSINJEA2561880,"{""order_number"":""5APH-81904"",""bl_number"":""MCLSIN8292361""}",DRAFT_BL_EXPECTED,"[""SI"",""DRAFT_BL""]",2026-09-20T00:00:00Z,docs-desk,2026-09-19T00:00:00Z,CURRENT
SYNTHETIC_HACKATHON_FIXTURE,SHP-5APH-38130,070500214364,"{""order_number"":""5APH-38130"",""bl_number"":""EGLV561372308172""}",DRAFT_BL_EXPECTED,"[""SI"",""DRAFT_BL""]",2026-09-20T00:00:00Z,docs-desk,2026-09-19T00:00:00Z,CURRENT
SYNTHETIC_HACKATHON_FIXTURE,SHP-5APH-74204,SIN680491872,"{""order_number"":""5APH-74204"",""bl_number"":""SIN087182749""}",DRAFT_BL_EXPECTED,"[""SI"",""DRAFT_BL""]",2026-09-20T00:00:00Z,docs-desk,2026-09-19T00:00:00Z,CURRENT
SYNTHETIC_HACKATHON_FIXTURE,SHP-5RSG-78584,SIJ1021923,"{""order_number"":""5RSG-78584"",""bl_number"":""SIJ4576832""}",BL_CHECK_REQUIRED,"[""SI"",""DRAFT_BL""]",2026-09-20T00:00:00Z,docs-desk,2026-09-19T00:00:00Z,CURRENT
SYNTHETIC_HACKATHON_FIXTURE,SHP-070500242537,070500242537,{},DRAFT_BL_EXPECTED,"[""SI"",""DRAFT_BL""]",2026-09-20T00:00:00Z,docs-desk,2026-09-19T00:00:00Z,CURRENT
SYNTHETIC_HACKATHON_FIXTURE,SHP-5APH-20546,MSDUL0942506181,"{""order_number"":""5APH-20546"",""bl_number"":""MEDUUD847169""}",DRAFT_BL_EXPECTED,"[""SI"",""DRAFT_BL""]",2026-09-20T00:00:00Z,docs-desk,2026-09-19T00:00:00Z,CURRENT
SYNTHETIC_HACKATHON_FIXTURE,SHP-5RMY-34778,SIJ4168601,"{""order_number"":""5RMY-34778"",""bl_number"":""SIJ7852491""}",DRAFT_BL_EXPECTED,"[""SI"",""DRAFT_BL""]",2026-09-20T00:00:00Z,docs-desk,2026-09-19T00:00:00Z,CURRENT
SYNTHETIC_HACKATHON_FIXTURE,SHP-5RCY-72696,PSGSE7331167,"{""order_number"":""5RCY-72696"",""bl_number"":""OOLU3410346996""}",BL_CHECK_REQUIRED,"[""SI"",""DRAFT_BL""]",2026-09-20T00:00:00Z,docs-desk,2026-09-19T00:00:00Z,CURRENT
SYNTHETIC_HACKATHON_FIXTURE,SHP-SIJ8472426,SIJ8472426,{},DRAFT_BL_EXPECTED,"[""SI"",""DRAFT_BL""]",2026-09-20T00:00:00Z,docs-desk,2026-09-19T00:00:00Z,CURRENT
SYNTHETIC_HACKATHON_FIXTURE,SHP-5ALT-45057,MCLSINJEA2519666,"{""order_number"":""5ALT-45057"",""bl_number"":""MCLSIN2031954""}",BL_CHECK_REQUIRED,"[""SI"",""DRAFT_BL""]",2026-09-20T00:00:00Z,docs-desk,2026-09-19T00:00:00Z,CURRENT
SYNTHETIC_HACKATHON_FIXTURE,SHP-5ALT-43925,77693663,"{""order_number"":""5ALT-43925"",""bl_number"":""HLCUSIN267055143""}",BL_CHECK_REQUIRED,"[""SI"",""DRAFT_BL""]",2026-09-20T00:00:00Z,docs-desk,2026-09-19T00:00:00Z,CURRENT
SYNTHETIC_HACKATHON_FIXTURE,SHP-MSDUL0942581793,MSDUL0942581793,{},DRAFT_BL_EXPECTED,"[""SI"",""DRAFT_BL""]",2026-09-20T00:00:00Z,docs-desk,2026-09-19T00:00:00Z,CURRENT
SYNTHETIC_HACKATHON_FIXTURE,SHP-5RUS-84868,070500283325,"{""order_number"":""5RUS-84868"",""bl_number"":""EGLV260055955017""}",BL_CHECK_REQUIRED,"[""SI"",""DRAFT_BL""]",2026-09-20T00:00:00Z,docs-desk,2026-09-19T00:00:00Z,CURRENT
SYNTHETIC_HACKATHON_FIXTURE,SHP-MSDUL0942567993,MSDUL0942567993,{},DRAFT_BL_EXPECTED,"[""SI"",""DRAFT_BL""]",2026-09-20T00:00:00Z,docs-desk,2026-09-19T00:00:00Z,CURRENT
SYNTHETIC_HACKATHON_FIXTURE,SHP-5AKR-79388,SIJ8608490,"{""order_number"":""5AKR-79388"",""bl_number"":""SIJ6060148""}",BL_CHECK_REQUIRED,"[""SI"",""DRAFT_BL""]",2026-09-20T00:00:00Z,docs-desk,2026-09-19T00:00:00Z,CURRENT
SYNTHETIC_HACKATHON_FIXTURE,SHP-5RSG-48811,PSGSE2632514,"{""order_number"":""5RSG-48811"",""bl_number"":""OOLU3701242446""}",DRAFT_BL_EXPECTED,"[""SI"",""DRAFT_BL""]",2026-09-20T00:00:00Z,docs-desk,2026-09-19T00:00:00Z,CURRENT
SYNTHETIC_HACKATHON_FIXTURE,SHP-5RSG-40911,ONEYSINF52638,"{""order_number"":""5RSG-40911"",""bl_number"":""SINF81794151""}",BL_CHECK_REQUIRED,"[""SI"",""DRAFT_BL""]",2026-09-20T00:00:00Z,docs-desk,2026-09-19T00:00:00Z,CURRENT
SYNTHETIC_HACKATHON_FIXTURE,SHP-MSDUL0942504521,MSDUL0942504521,{},DRAFT_BL_EXPECTED,"[""SI"",""DRAFT_BL""]",2026-09-20T00:00:00Z,docs-desk,2026-09-19T00:00:00Z,CURRENT
SYNTHETIC_HACKATHON_FIXTURE,SHP-5RUS-43614,MCLSINJEA2520078,"{""order_number"":""5RUS-43614"",""bl_number"":""MCLSIN4604067""}",BL_CHECK_REQUIRED,"[""SI"",""DRAFT_BL""]",2026-09-20T00:00:00Z,docs-desk,2026-09-19T00:00:00Z,CURRENT
SYNTHETIC_HACKATHON_FIXTURE,SHP-5RCY-58695,MCLSINJEA2578020,"{""order_number"":""5RCY-58695"",""bl_number"":""MCLSIN4389982""}",DRAFT_BL_EXPECTED,"[""SI"",""DRAFT_BL""]",2026-09-20T00:00:00Z,docs-desk,2026-09-19T00:00:00Z,CURRENT
SYNTHETIC_HACKATHON_FIXTURE,SHP-5RUS-85736,SIJ3505573,"{""order_number"":""5RUS-85736"",""bl_number"":""SIJ9516793""}",BL_CHECK_REQUIRED,"[""SI"",""DRAFT_BL""]",2026-09-20T00:00:00Z,docs-desk,2026-09-19T00:00:00Z,CURRENT
SYNTHETIC_HACKATHON_FIXTURE,SHP-5RVN-97315,PSGSE0409614,"{""order_number"":""5RVN-97315"",""bl_number"":""OOLU1187233351""}",DRAFT_BL_EXPECTED,"[""SI"",""DRAFT_BL""]",2026-09-20T00:00:00Z,docs-desk,2026-09-19T00:00:00Z,CURRENT
SYNTHETIC_HACKATHON_FIXTURE,SHP-5AAT-65578,ONEYSINF93940,"{""order_number"":""5AAT-65578"",""bl_number"":""SINF07365118""}",BL_CHECK_REQUIRED,"[""SI"",""DRAFT_BL""]",2026-09-20T00:00:00Z,docs-desk,2026-09-19T00:00:00Z,CURRENT
SYNTHETIC_HACKATHON_FIXTURE,SHP-5APH-57298,MSDUL0942588899,"{""order_number"":""5APH-57298""}",BL_CHECK_REQUIRED,"[""SI"",""DRAFT_BL""]",2026-09-20T00:00:00Z,docs-desk,2026-09-19T00:00:00Z,CURRENT
SYNTHETIC_HACKATHON_FIXTURE,SHP-5RUS-81876,MSDUL0942591203,"{""order_number"":""5RUS-81876"",""bl_number"":""MEDUUD646871""}",BL_CHECK_REQUIRED,"[""SI"",""DRAFT_BL""]",2026-09-20T00:00:00Z,docs-desk,2026-09-19T00:00:00Z,CURRENT
SYNTHETIC_HACKATHON_FIXTURE,SHP-5RSG-51584,I009004365,"{""order_number"":""5RSG-51584"",""bl_number"":""YMJAI905670867""}",BL_CHECK_REQUIRED,"[""SI"",""DRAFT_BL""]",2026-09-20T00:00:00Z,docs-desk,2026-09-19T00:00:00Z,CURRENT
SYNTHETIC_HACKATHON_FIXTURE,SHP-5RSG-63369,MCLSINJEA2508070,"{""order_number"":""5RSG-63369"",""bl_number"":""MCLSIN5054296""}",BL_CHECK_REQUIRED,"[""SI"",""DRAFT_BL""]",2026-09-20T00:00:00Z,docs-desk,2026-09-19T00:00:00Z,CURRENT
SYNTHETIC_HACKATHON_FIXTURE,SHP-5ALT-36381,44287738,"{""order_number"":""5ALT-36381"",""bl_number"":""HLCUSIN016481880""}",BL_CHECK_REQUIRED,"[""SI"",""DRAFT_BL""]",2026-09-20T00:00:00Z,docs-desk,2026-09-19T00:00:00Z,CURRENT
SYNTHETIC_HACKATHON_FIXTURE,SHP-5AKR-44170,MCLSINJEA2558631,"{""order_number"":""5AKR-44170""}",BL_CHECK_REQUIRED,"[""SI"",""DRAFT_BL""]",2026-09-20T00:00:00Z,docs-desk,2026-09-19T00:00:00Z,CURRENT
SYNTHETIC_HACKATHON_FIXTURE,SHP-5AKR-31538,PSGSE4489880,"{""order_number"":""5AKR-31538"",""bl_number"":""OOLU8243017646""}",BL_CHECK_REQUIRED,"[""SI"",""DRAFT_BL""]",2026-09-20T00:00:00Z,docs-desk,2026-09-19T00:00:00Z,CURRENT
SYNTHETIC_HACKATHON_FIXTURE,SHP-5RSG-19787,,"{""order_number"":""5RSG-19787"",""bl_number"":""EGLV433335384951""}",BL_CHECK_REQUIRED,"[""SI"",""DRAFT_BL""]",2026-09-20T00:00:00Z,docs-desk,2026-09-19T00:00:00Z,CURRENT
SYNTHETIC_HACKATHON_FIXTURE,SHP-5AKR-00230,I756178688,"{""order_number"":""5AKR-00230"",""bl_number"":""YMJAI530601198""}",BL_CHECK_REQUIRED,"[""SI"",""DRAFT_BL""]",2026-09-20T00:00:00Z,docs-desk,2026-09-19T00:00:00Z,CURRENT
SYNTHETIC_HACKATHON_FIXTURE,SHP-5RUS-14911,,"{""order_number"":""5RUS-14911"",""bl_number"":""EGLV577449160936""}",BL_CHECK_REQUIRED,"[""SI"",""DRAFT_BL""]",2026-09-20T00:00:00Z,docs-desk,2026-09-19T00:00:00Z,CURRENT
SYNTHETIC_HACKATHON_FIXTURE,SHP-5RVN-11404,I821374556,"{""order_number"":""5RVN-11404"",""bl_number"":""YMJAI926322399""}",BL_CHECK_REQUIRED,"[""SI"",""DRAFT_BL""]",2026-09-20T00:00:00Z,docs-desk,2026-09-19T00:00:00Z,CURRENT
SYNTHETIC_HACKATHON_FIXTURE,SHP-5RVN-06271,,"{""order_number"":""5RVN-06271"",""bl_number"":""OOLU0811260030""}",BL_CHECK_REQUIRED,"[""SI"",""DRAFT_BL""]",2026-09-20T00:00:00Z,docs-desk,2026-09-19T00:00:00Z,CURRENT
SYNTHETIC_HACKATHON_FIXTURE,SHP-5SUS-40134,MCLSINJEA2529384,"{""order_number"":""5SUS-40134"",""bl_number"":""MCLSIN6917768""}",BL_CHECK_REQUIRED,"[""SI"",""DRAFT_BL""]",2026-09-20T00:00:00Z,docs-desk,2026-09-19T00:00:00Z,CURRENT
SYNTHETIC_HACKATHON_FIXTURE,SHP-5RUS-91408,,"{""order_number"":""5RUS-91408"",""bl_number"":""OOLU4899718428""}",BL_CHECK_REQUIRED,"[""SI"",""DRAFT_BL""]",2026-09-20T00:00:00Z,docs-desk,2026-09-19T00:00:00Z,CURRENT
SYNTHETIC_HACKATHON_FIXTURE,SHP-5RSG-95826,SIJ9650826,"{""order_number"":""5RSG-95826"",""bl_number"":""SIJ4056129""}",BL_CHECK_REQUIRED,"[""SI"",""DRAFT_BL""]",2026-09-20T00:00:00Z,docs-desk,2026-09-19T00:00:00Z,CURRENT
SYNTHETIC_HACKATHON_FIXTURE,SHP-5RCY-68239,MCLSINJEA2551434,"{""order_number"":""5RCY-68239"",""bl_number"":""MCLSIN6123859""}",BL_CHECK_REQUIRED,"[""SI"",""DRAFT_BL""]",2026-09-20T00:00:00Z,docs-desk,2026-09-19T00:00:00Z,CURRENT
SYNTHETIC_HACKATHON_FIXTURE,SHP-5RCY-95001,MSDUL0942583113,"{""order_number"":""5RCY-95001"",""bl_number"":""MEDUUD661016""}",BL_CHECK_REQUIRED,"[""SI"",""DRAFT_BL""]",2026-09-20T00:00:00Z,docs-desk,2026-09-19T00:00:00Z,CURRENT
SYNTHETIC_HACKATHON_FIXTURE,SHP-5RMY-07779,MCLSINJEA2505344,"{""order_number"":""5RMY-07779""}",BL_CHECK_REQUIRED,"[""SI"",""DRAFT_BL""]",2026-09-20T00:00:00Z,docs-desk,2026-09-19T00:00:00Z,CURRENT
SYNTHETIC_HACKATHON_FIXTURE,SHP-5APH-33373,PSGSE4068841,"{""order_number"":""5APH-33373"",""bl_number"":""OOLU8177602991""}",BL_CHECK_REQUIRED,"[""SI"",""DRAFT_BL""]",2026-09-20T00:00:00Z,docs-desk,2026-09-19T00:00:00Z,CURRENT
SYNTHETIC_HACKATHON_FIXTURE,SHP-5RSG-63852,MSDUL0942520613,"{""order_number"":""5RSG-63852"",""bl_number"":""MEDUUD032119""}",BL_CHECK_REQUIRED,"[""SI"",""DRAFT_BL""]",2026-09-20T00:00:00Z,docs-desk,2026-09-19T00:00:00Z,CURRENT
SYNTHETIC_HACKATHON_FIXTURE,SHP-5RFR-37631,,"{""order_number"":""5RFR-37631"",""bl_number"":""SIJ1051834""}",DRAFT_BL_EXPECTED,"[""SI"",""DRAFT_BL""]",2026-09-20T00:00:00Z,docs-desk,2026-09-19T00:00:00Z,CURRENT
